id,name,model_id,group_id/id,operation,domain
access_hostel_building_user,access.hostel.building.user,hostel.building,sirita_mahad.group_hostel_user,r,
access_hostel_building_manager,access.hostel.building.manager,hostel.building,sirita_mahad.group_hostel_manager,cru,
access_hostel_building_admin,access.hostel.building.admin,hostel.building,sirita_mahad.group_hostel_admin,crud,
access_hostel_unit_user,access.hostel.unit.user,hostel.unit,sirita_mahad.group_hostel_user,r,
access_hostel_unit_manager,access.hostel.unit.manager,hostel.unit,sirita_mahad.group_hostel_manager,cru,
access_hostel_unit_admin,access.hostel.unit.admin,hostel.unit,sirita_mahad.group_hostel_admin,crud,
access_hostel_room_user,access.hostel.room.user,hostel.room,sirita_mahad.group_hostel_user,r,
access_hostel_room_manager,access.hostel.room.manager,hostel.room,sirita_mahad.group_hostel_manager,cru,
access_hostel_room_admin,access.hostel.room.admin,hostel.room,sirita_mahad.group_hostel_admin,crud,
access_hostel_bed_user,access.hostel.bed.user,hostel.bed,sirita_mahad.group_hostel_user,r,
access_hostel_bed_manager,access.hostel.bed.manager,hostel.bed,sirita_mahad.group_hostel_manager,cru,
access_hostel_bed_admin,access.hostel.bed.admin,hostel.bed,sirita_mahad.group_hostel_admin,crud,
access_hostel_contract_user,access.hostel.contract.user,hostel.contract,sirita_mahad.group_hostel_user,cru,
access_hostel_contract_manager,access.hostel.contract.manager,hostel.contract,sirita_mahad.group_hostel_manager,crud,
access_hostel_checkin_user,access.hostel.checkin.user,hostel.checkin,sirita_mahad.group_hostel_user,cru,
access_hostel_checkin_manager,access.hostel.checkin.manager,hostel.checkin,sirita_mahad.group_hostel_manager,crud,
access_hostel_occupancy_history_user,access.hostel.occupancy.history.user,hostel.occupancy.history,sirita_mahad.group_hostel_user,r,
access_hostel_occupancy_history_manager,access.hostel.occupancy.history.manager,hostel.occupancy.history,sirita_mahad.group_hostel_manager,cru,
access_hostel_occupancy_history_admin,access.hostel.occupancy.history.admin,hostel.occupancy.history,sirita_mahad.group_hostel_admin,crud,
access_hostel_visitor_user,access.hostel.visitor.user,hostel.visitor,sirita_mahad.group_hostel_user,cru,
access_hostel_visitor_manager,access.hostel.visitor.manager,hostel.visitor,sirita_mahad.group_hostel_manager,crud,
access_hostel_visitor_reject_wizard_user,access.hostel.visitor.reject.wizard.user,hostel.visitor.reject.wizard,sirita_mahad.group_hostel_user,cr,
access_hostel_visitor_reject_wizard_manager,access.hostel.visitor.reject.wizard.manager,hostel.visitor.reject.wizard,sirita_mahad.group_hostel_manager,cru,
access_hostel_visitor_reject_wizard_admin,access.hostel.visitor.reject.wizard.admin,hostel.visitor.reject.wizard,sirita_mahad.group_hostel_admin,crud,
access_hostel_student_attendance_user,access.hostel.student.attendance.user,hostel.student.attendance,sirita_mahad.group_hostel_user,cru,
access_hostel_student_attendance_manager,access.hostel.student.attendance.manager,hostel.student.attendance,sirita_mahad.group_hostel_manager,crud,
access_hostel_rent_invoice_user,access.hostel.rent.invoice.user,hostel.rent.invoice,sirita_mahad.group_hostel_user,cru,
access_hostel_rent_invoice_manager,access.hostel.rent.invoice.manager,hostel.rent.invoice,sirita_mahad.group_hostel_manager,crud,
access_hostel_maintenance_request_user,access.hostel.maintenance.request.user,hostel.maintenance.request,sirita_mahad.group_hostel_user,cru,
access_hostel_maintenance_request_manager,access.hostel.maintenance.request.manager,hostel.maintenance.request,sirita_mahad.group_hostel_manager,crud,
access_hostel_complaint_user,access.hostel.complaint.user,hostel.complaint,sirita_mahad.group_hostel_user,cru,
access_hostel_complaint_manager,access.hostel.complaint.manager,hostel.complaint,sirita_mahad.group_hostel_manager,crud,
access_hostel_meal_booking_user,access.hostel.meal.booking.user,hostel.meal.booking,sirita_mahad.group_hostel_user,cru,
access_hostel_meal_booking_manager,access.hostel.meal.booking.manager,hostel.meal.booking,sirita_mahad.group_hostel_manager,crud,
access_hostel_laundry_request_user,access.hostel.laundry.request.user,hostel.laundry.request,sirita_mahad.group_hostel_user,cru,
access_hostel_laundry_request_manager,access.hostel.laundry.request.manager,hostel.laundry.request,sirita_mahad.group_hostel_manager,crud,
access_hostel_student_document_user,access.hostel.student.document.user,hostel.student.document,sirita_mahad.group_hostel_user,cru,
access_hostel_student_document_manager,access.hostel.student.document.manager,hostel.student.document,sirita_mahad.group_hostel_manager,crud,
access_hr_employee_document_user,access.hr.employee.document.user,hr.employee.document,sirita_mahad.group_hostel_user,cru,
access_hr_employee_document_manager,access.hr.employee.document.manager,hr.employee.document,sirita_mahad.group_hostel_manager,crud,
access_hostel_checkin_penalty_user,access.hostel.checkin.penalty.user,hostel.checkin.penalty,sirita_mahad.group_hostel_user,r,
access_hostel_checkin_penalty_manager,access.hostel.checkin.penalty.manager,hostel.checkin.penalty,sirita_mahad.group_hostel_manager,cru,
access_hostel_checkin_penalty_admin,access.hostel.checkin.penalty.admin,hostel.checkin.penalty,sirita_mahad.group_hostel_admin,crud,
access_hostel_penalty_type_user,access.hostel.penalty.type.user,hostel.penalty.type,sirita_mahad.group_hostel_user,r,
access_hostel_penalty_type_manager,access.hostel.penalty.type.manager,hostel.penalty.type,sirita_mahad.group_hostel_manager,cru,
access_hostel_penalty_type_admin,access.hostel.penalty.type.admin,hostel.penalty.type,sirita_mahad.group_hostel_admin,crud,
access_hostel_asset_user,access.hostel.asset.user,hostel.asset,sirita_mahad.group_hostel_user,r,
access_hostel_asset_manager,access.hostel.asset.manager,hostel.asset,sirita_mahad.group_hostel_manager,cru,
access_hostel_asset_admin,access.hostel.asset.admin,hostel.asset,sirita_mahad.group_hostel_admin,crud,
access_hostel_asset_category_user,access.hostel.asset.category.user,hostel.asset.category,sirita_mahad.group_hostel_user,r,
access_hostel_asset_category_manager,access.hostel.asset.category.manager,hostel.asset.category,sirita_mahad.group_hostel_manager,cru,
access_hostel_asset_category_admin,access.hostel.asset.category.admin,hostel.asset.category,sirita_mahad.group_hostel_admin,crud,
access_hostel_asset_maintenance_user,access.hostel.asset.maintenance.user,hostel.asset.maintenance,sirita_mahad.group_hostel_user,cru,
access_hostel_asset_maintenance_manager,access.hostel.asset.maintenance.manager,hostel.asset.maintenance,sirita_mahad.group_hostel_manager,crud,
access_hostel_asset_service_user,access.hostel.asset.service.user,hostel.asset.service,sirita_mahad.group_hostel_user,r,
access_hostel_asset_service_manager,access.hostel.asset.service.manager,hostel.asset.service,sirita_mahad.group_hostel_manager,cru,
access_hostel_asset_service_admin,access.hostel.asset.service.admin,hostel.asset.service,sirita_mahad.group_hostel_admin,crud,
access_hostel_room_inspection_user,access.hostel.room.inspection.user,hostel.room.inspection,sirita_mahad.group_hostel_user,r,
access_hostel_room_inspection_manager,access.hostel.room.inspection.manager,hostel.room.inspection,sirita_mahad.group_hostel_manager,crud,
access_hostel_room_inspection_line_user,access.hostel.room.inspection.line.user,hostel.room.inspection.line,sirita_mahad.group_hostel_user,r,
access_hostel_room_inspection_line_manager,access.hostel.room.inspection.line.manager,hostel.room.inspection.line,sirita_mahad.group_hostel_manager,crud,
access_hostel_mess_user,access.hostel.mess.user,hostel.mess,sirita_mahad.group_hostel_user,r,
access_hostel_mess_manager,access.hostel.mess.manager,hostel.mess,sirita_mahad.group_hostel_manager,cru,
access_hostel_mess_admin,access.hostel.mess.admin,hostel.mess,sirita_mahad.group_hostel_admin,crud,
access_hostel_mess_menu_user,access.hostel.mess.menu.user,hostel.mess.menu,sirita_mahad.group_hostel_user,r,
access_hostel_mess_menu_manager,access.hostel.mess.menu.manager,hostel.mess.menu,sirita_mahad.group_hostel_manager,cru,
access_hostel_mess_menu_admin,access.hostel.mess.menu.admin,hostel.mess.menu,sirita_mahad.group_hostel_admin,crud,
access_hostel_group_communication_user,access.hostel.group.communication.user,hostel.group.communication,sirita_mahad.group_hostel_user,r,
access_hostel_group_communication_manager,access.hostel.group.communication.manager,hostel.group.communication,sirita_mahad.group_hostel_manager,cru,
access_hostel_group_communication_admin,access.hostel.group.communication.admin,hostel.group.communication,sirita_mahad.group_hostel_admin,crud,
access_hostel_communication_log_user,access.hostel.communication.log.user,hostel.communication.log,sirita_mahad.group_hostel_user,r,
access_hostel_communication_log_manager,access.hostel.communication.log.manager,hostel.communication.log,sirita_mahad.group_hostel_manager,ru,
access_hostel_communication_log_admin,access.hostel.communication.log.admin,hostel.communication.log,sirita_mahad.group_hostel_admin,crud,
access_hostel_birthday_greeting_user,access.hostel.birthday.greeting.user,hostel.birthday.greeting,sirita_mahad.group_hostel_user,r,
access_hostel_birthday_greeting_manager,access.hostel.birthday.greeting.manager,hostel.birthday.greeting,sirita_mahad.group_hostel_manager,cru,
access_hostel_birthday_greeting_admin,access.hostel.birthday.greeting.admin,hostel.birthday.greeting,sirita_mahad.group_hostel_admin,crud,
access_hostel_birthday_greeting_log_user,access.hostel.birthday.greeting.log.user,hostel.birthday.greeting.log,sirita_mahad.group_hostel_user,r,
access_hostel_birthday_greeting_log_manager,access.hostel.birthday.greeting.log.manager,hostel.birthday.greeting.log,sirita_mahad.group_hostel_manager,ru,
access_hostel_birthday_greeting_log_admin,access.hostel.birthday.greeting.log.admin,hostel.birthday.greeting.log,sirita_mahad.group_hostel_admin,crud,
access_hostel_renewal_reminder_user,access.hostel.renewal.reminder.user,hostel.renewal.reminder,sirita_mahad.group_hostel_user,r,
access_hostel_renewal_reminder_manager,access.hostel.renewal.reminder.manager,hostel.renewal.reminder,sirita_mahad.group_hostel_manager,cru,
access_hostel_renewal_reminder_admin,access.hostel.renewal.reminder.admin,hostel.renewal.reminder,sirita_mahad.group_hostel_admin,crud,
access_hostel_renewal_reminder_log_user,access.hostel.renewal.reminder.log.user,hostel.renewal.reminder.log,sirita_mahad.group_hostel_user,r,
access_hostel_renewal_reminder_log_manager,access.hostel.renewal.reminder.log.manager,hostel.renewal.reminder.log,sirita_mahad.group_hostel_manager,ru,
access_hostel_renewal_reminder_log_admin,access.hostel.renewal.reminder.log.admin,hostel.renewal.reminder.log,sirita_mahad.group_hostel_admin,crud,
access_hostel_announcement_user,access.hostel.announcement.user,hostel.announcement,sirita_mahad.group_hostel_user,r,
access_hostel_announcement_manager,access.hostel.announcement.manager,hostel.announcement,sirita_mahad.group_hostel_manager,cru,
access_hostel_announcement_admin,access.hostel.announcement.admin,hostel.announcement,sirita_mahad.group_hostel_admin,crud,
access_hostel_announcement_category_user,access.hostel.announcement.category.user,hostel.announcement.category,sirita_mahad.group_hostel_user,r,
access_hostel_announcement_category_manager,access.hostel.announcement.category.manager,hostel.announcement.category,sirita_mahad.group_hostel_manager,cru,
access_hostel_announcement_category_admin,access.hostel.announcement.category.admin,hostel.announcement.category,sirita_mahad.group_hostel_admin,crud,
access_hostel_dashboard_user,access.hostel.dashboard.user,hostel.dashboard,sirita_mahad.group_hostel_user,r,
access_hostel_dashboard_manager,access.hostel.dashboard.manager,hostel.dashboard,sirita_mahad.group_hostel_manager,ru,
access_hostel_dashboard_admin,access.hostel.dashboard.admin,hostel.dashboard,sirita_mahad.group_hostel_admin,crud,
access_hostel_report_wizard_user,access.hostel.report.wizard.user,hostel.report.wizard,sirita_mahad.group_hostel_user,cr,
access_hostel_report_wizard_manager,access.hostel.report.wizard.manager,hostel.report.wizard,sirita_mahad.group_hostel_manager,cru,
access_hostel_report_wizard_admin,access.hostel.report.wizard.admin,hostel.report.wizard,sirita_mahad.group_hostel_admin,crud,
